manifest,cue_id,path,role,manifest_duration_msec,volume_db,event_ids,declared_final,exists,bytes,seconds,sample_rate_hz,channels,peak,rms,finite,sha256,disposition,shared_path_cue_ids
content/ui_sfx_manifest.json,ui_click,res://art/audio/runtime/ui/click.wav,button_click,70,-18.0,,False,True,12392,0.07,44100,2,0.459961,0.108133,True,cf722823d481eaf7507892db0b014af734f9b6a91f37a3b6b2dc3c11f98ccd98,replace_nonfinal_asset,ui_click
content/ui_sfx_manifest.json,ui_select,res://art/audio/runtime/ui/select.wav,list_select,80,-18.0,,False,True,14156,0.08,44100,2,0.419983,0.113451,True,6c79bccfdf5db14b7d9be46255925f92bb3a262e496810ef4ad4b21c5e75eee8,replace_nonfinal_asset,ui_select
content/ui_sfx_manifest.json,ui_adjust,res://art/audio/runtime/ui/adjust.wav,slider_adjust,60,-20.0,,False,True,10628,0.06,44100,2,0.349976,0.084834,True,54b407545cde3f442bb5d94ab6fa9cd3b58d8457dab11f426d7908dad24a0028,replace_nonfinal_asset,ui_adjust
content/ui_sfx_manifest.json,ui_tab,res://art/audio/runtime/ui/tab.wav,tab_change,90,-18.5,,False,True,15920,0.09,44100,2,0.389984,0.098845,True,b87e08a42af827a1dd876ad63e0192ae6933a128b47e493648b7b6f9e91bde0a,replace_nonfinal_asset,ui_tab
content/ui_sfx_manifest.json,ui_confirm,res://art/audio/runtime/ui/confirm.wav,confirm_action,120,-17.0,,False,True,21212,0.12,44100,2,0.48996,0.161901,True,8afe9b953b001a92fed65fd6541ad5fe3c33b653f35c5a299b0ba60bea41a070,replace_nonfinal_asset,ui_confirm;audio_placeholder_ui_confirm
content/ui_sfx_manifest.json,ui_invalid,res://art/audio/runtime/ui/invalid.wav,invalid_action,150,-17.5,,False,True,26504,0.15,44100,2,0.509979,0.181145,True,fce723d4843f61804af192d3a5005d6178145384d5cc2450df12bdf0558ccd86,replace_nonfinal_asset,ui_invalid
content/presentation_sfx_manifest.json,audio_placeholder_artifact_claim,res://art/audio/runtime/presentation/artifact_claim.wav,overworld_artifact_recovered,420,-12.5,artifact_acquired,False,True,74132,0.42,44100,2,0.639954,0.275117,True,95b19560be85ef6af59dac329310d48d8d9bf5a67c533045e0c7449fdbf47db0,replace_nonfinal_asset,audio_placeholder_artifact_claim
content/presentation_sfx_manifest.json,audio_placeholder_artifact_equip,res://art/audio/runtime/presentation/artifact_equip.wav,overworld_artifact_equipped,260,-14.0,artifact_equipped,False,True,45908,0.26,44100,2,0.549957,0.182854,True,f543faa2aad0303990f3c9fba2bb4d632e04aa779017275ca28bba41a968abf4,replace_nonfinal_asset,audio_placeholder_artifact_equip
content/presentation_sfx_manifest.json,audio_placeholder_artifact_stow,res://art/audio/runtime/presentation/artifact_stow.wav,overworld_artifact_stowed,280,-14.0,artifact_unequipped,False,True,49436,0.28,44100,2,0.519958,0.173457,True,6952efff15cb3afff949591c2f1d50e927ffe241e532ca54f775367daaa93fe2,replace_nonfinal_asset,audio_placeholder_artifact_stow
content/presentation_sfx_manifest.json,audio_placeholder_resource_tick,res://art/audio/runtime/presentation/resource_tick.wav,overworld_resource_collected,240,-14.5,ui_resource_delta,False,True,42380,0.24,44100,2,0.499969,0.169253,True,6a3265612cc4d3ff198d7cb9f9b3d90e7d2844a9b623c6c7c68405bc89920bf2,replace_nonfinal_asset,audio_placeholder_resource_tick
content/presentation_sfx_manifest.json,audio_placeholder_spell_school_soft,res://art/audio/runtime/presentation/field_spell.wav,overworld_field_spell_cast,480,-13.0,spell_cast_overworld,False,True,84716,0.48,44100,2,0.579956,0.186783,True,0000e11829a25ed1294b65a10fb2ef05bab2f3d72c966229639214c98d9e3afa,replace_nonfinal_asset,audio_placeholder_spell_school_soft
content/presentation_sfx_manifest.json,audio_placeholder_save_confirm,res://art/audio/runtime/presentation/save_confirm.wav,system_save_confirmed,320,-13.5,system_save_written,False,True,56492,0.32,44100,2,0.539978,0.21003,True,a602fa78da78354607f9105dcaaa0f57aa8ad0b5774b4cee00bb64f00077335f,replace_nonfinal_asset,audio_placeholder_save_confirm
content/presentation_sfx_manifest.json,audio_placeholder_load_resume,res://art/audio/runtime/presentation/load_resume.wav,system_load_resumed,360,-13.0,system_load_resumed,False,True,63548,0.36,44100,2,0.579956,0.278413,True,800fa1a6ca97f0ad99d97d463ca9018be327e9d93ffc426ea3889f34b49daef7,replace_nonfinal_asset,audio_placeholder_load_resume
content/presentation_sfx_manifest.json,audio_placeholder_map_step,res://art/audio/runtime/presentation/map_step.wav,overworld_route_moved,220,-15.0,overworld_hero_move,False,True,38852,0.22,44100,2,0.47998,0.163683,True,f2b031093ac358acbc4679c4c20f50e72bf94951d26ce0aa6effb48204c834f7,replace_nonfinal_asset,audio_placeholder_map_step
content/presentation_sfx_manifest.json,audio_placeholder_object_focus,res://art/audio/runtime/presentation/object_focus.wav,overworld_object_selected,260,-14.5,overworld_object_active,False,True,45908,0.26,44100,2,0.47998,0.175939,True,371a6a2d8ecab247d18553257e0ddfa31e49f16c184666718950792e7febfdd9,replace_nonfinal_asset,audio_placeholder_object_focus
content/presentation_sfx_manifest.json,audio_placeholder_invalid_route,res://art/audio/runtime/presentation/invalid_route.wav,overworld_route_blocked,300,-13.5,overworld_route_blocked,False,True,52964,0.3,44100,2,0.599976,0.252725,True,99c3e6dc43b7b8665ec6dec7decf0ecc4ece5806da7eb983b5e80d97caec8541,replace_nonfinal_asset,audio_placeholder_invalid_route
content/presentation_sfx_manifest.json,audio_placeholder_blocked_object,res://art/audio/runtime/presentation/object_blocked.wav,overworld_object_blocked,340,-13.0,overworld_object_blocked,False,True,60020,0.34,44100,2,0.619965,0.198885,True,e45dc342b704ec818acf2972c3f49081cb5edfa9c9a77d9a067a8856ed25971d,replace_nonfinal_asset,audio_placeholder_blocked_object
content/presentation_sfx_manifest.json,audio_placeholder_route_open,res://art/audio/runtime/presentation/route_open.wav,overworld_route_open,420,-12.5,overworld_route_open,False,True,74132,0.42,44100,2,0.659973,0.222092,True,a0f6ae3520618fbfb5e775f7f95383784cdafd481083edeea6ca5cd33b334012,replace_nonfinal_asset,audio_placeholder_route_open
content/presentation_sfx_manifest.json,audio_placeholder_route_closed,res://art/audio/runtime/presentation/route_closed.wav,overworld_route_closed,440,-12.5,overworld_route_closed,False,True,77660,0.44,44100,2,0.659973,0.177637,True,a3a798e2d60a6ed106f2723741671a087d7d0d836bdb0b2341dfd54fe5908424,replace_nonfinal_asset,audio_placeholder_route_closed
content/presentation_sfx_manifest.json,audio_placeholder_object_visit,res://art/audio/runtime/presentation/object_visit.wav,overworld_object_visited,300,-14.0,overworld_object_visited,False,True,52964,0.3,44100,2,0.519958,0.192117,True,6e40a4af1d04bc0648ca942a0080be442eea5c73de42117e7774861c7e30949a,replace_nonfinal_asset,audio_placeholder_object_visit
content/presentation_sfx_manifest.json,audio_placeholder_capture,res://art/audio/runtime/presentation/object_capture.wav,overworld_object_captured,420,-12.5,overworld_object_captured,False,True,74132,0.42,44100,2,0.649963,0.31608,True,0dfed10ad1979e11804e657be4133f7c067482a9f5f347c99113886e6c4ec4e4,replace_nonfinal_asset,audio_placeholder_capture
content/presentation_sfx_manifest.json,audio_placeholder_town_capture,res://art/audio/runtime/presentation/town_capture.wav,overworld_town_captured,460,-12.5,town_captured,False,True,81188,0.46,44100,2,0.659973,0.245672,True,1fcadc876d3f32e9684d59bd9d48dcfffef3cf36eaac0be0cc1696691049c060,replace_nonfinal_asset,audio_placeholder_town_capture
content/presentation_sfx_manifest.json,audio_placeholder_collect,res://art/audio/runtime/presentation/object_collect.wav,overworld_object_depleted,280,-13.5,overworld_object_depleted,False,True,49436,0.28,44100,2,0.559967,0.218182,True,595218326b98306d07345b446c2a9957e011c209565887c374e9cddec3c7b91d,replace_nonfinal_asset,audio_placeholder_collect
content/presentation_sfx_manifest.json,audio_placeholder_guard_warning,res://art/audio/runtime/presentation/guard_warning.wav,overworld_object_guarded,340,-13.0,overworld_object_guarded,False,True,60020,0.34,44100,2,0.619965,0.274176,True,4b5a12493d47b4ff1119b47800d908f1428ccb70f40b259a939b6317ab79bf8d,replace_nonfinal_asset,audio_placeholder_guard_warning
content/presentation_sfx_manifest.json,audio_placeholder_town_build,res://art/audio/runtime/presentation/town_build.wav,town_construction_complete,420,-12.5,town_building_built,False,True,74132,0.42,44100,2,0.679962,0.234003,True,8752533bf4cc9f2f2102e1ca217bd406d217b9a6cea0e68699e3f141022badde,replace_nonfinal_asset,audio_placeholder_town_build
content/presentation_sfx_manifest.json,audio_placeholder_recruit,res://art/audio/runtime/presentation/town_recruit.wav,town_recruitment_muster,360,-13.0,town_units_recruited,False,True,63548,0.36,44100,2,0.639954,0.19913,True,1e0d99e2b7c43b724b090aeb27a7570f4ce67862a2d6dfa9cc23600b733743ef,replace_nonfinal_asset,audio_placeholder_recruit
content/presentation_sfx_manifest.json,audio_placeholder_town_route_response,res://art/audio/runtime/presentation/town_route_response.wav,town_route_response_dispatched,380,-13.0,town_route_response_ordered,False,True,67076,0.38,44100,2,0.599976,0.202633,True,e93f8b0e825096d6b529c27417f443000a6a42a4fcbae8f0a5c1eb58bdbf8fb8,replace_nonfinal_asset,audio_placeholder_town_route_response
content/presentation_sfx_manifest.json,audio_placeholder_town_market_exchange,res://art/audio/runtime/presentation/town_market_exchange.wav,town_market_exchange_completed,360,-13.5,town_market_exchange_completed,False,True,63548,0.36,44100,2,0.579956,0.27353,True,f6a6a58f5e3fd97db88b82e43e91791415c1aaa47cc9410609cda401689a4f18,replace_nonfinal_asset,audio_placeholder_town_market_exchange
content/presentation_sfx_manifest.json,audio_placeholder_town_spell_study,res://art/audio/runtime/presentation/town_spell_study.wav,town_spell_studied,400,-13.0,town_spell_studied,False,True,70604,0.4,44100,2,0.599976,0.249331,True,a20fc0b04c9f129d5aadea1fda4a90614abbc3b546affd2a537b57dd2f5662f4,replace_nonfinal_asset,audio_placeholder_town_spell_study
content/presentation_sfx_manifest.json,audio_placeholder_town_hero_hire,res://art/audio/runtime/presentation/town_hero_hire.wav,town_hero_hired,420,-12.5,town_hero_hired,False,True,74132,0.42,44100,2,0.639954,0.292013,True,9838446008e27cf1826044756cc4b76f77c692869247b8c8110f28093f040005,replace_nonfinal_asset,audio_placeholder_town_hero_hire
content/presentation_sfx_manifest.json,audio_placeholder_town_specialty_rank,res://art/audio/runtime/presentation/town_specialty_rank.wav,town_specialty_rank_gained,400,-13.0,town_specialty_selected,False,True,70604,0.4,44100,2,0.599976,0.203856,True,26ae1788e0f5870c2a2d7eaf510d4426d38b3538038afbcb1bafb19771b2a43d,replace_nonfinal_asset,audio_placeholder_town_specialty_rank
content/presentation_sfx_manifest.json,audio_placeholder_town_unit_transfer,res://art/audio/runtime/presentation/town_unit_transfer.wav,town_army_redeployed,380,-13.5,town_army_transferred,False,True,67076,0.38,44100,2,0.579956,0.215539,True,21cd65ded3f6fa881a10049231d3718b009bdb7fd947a76c02160fe73fac130e,replace_nonfinal_asset,audio_placeholder_town_unit_transfer
content/presentation_sfx_manifest.json,audio_placeholder_ui_confirm,res://art/audio/runtime/ui/confirm.wav,confirm_action,120,-17.0,ui_command_confirmed,False,True,21212,0.12,44100,2,0.48996,0.161901,True,8afe9b953b001a92fed65fd6541ad5fe3c33b653f35c5a299b0ba60bea41a070,replace_nonfinal_asset,ui_confirm;audio_placeholder_ui_confirm
content/battle_sfx_manifest.json,audio_placeholder_ranged_release,res://art/audio/runtime/battle/ranged_release.wav,ranged_release,150,-12.0,battle_unit_ranged_attack,False,True,26504,0.15,44100,2,0.659973,0.186118,True,6ee790cf5d095e57331c262687eb3919e6ac4b3be4b1ffd30ab83699f5e0eb6b,replace_nonfinal_asset,audio_placeholder_ranged_release
content/battle_sfx_manifest.json,audio_placeholder_status_apply,res://art/audio/runtime/battle/status_apply.wav,status_apply,190,-13.5,battle_status_applied,False,True,33560,0.19,44100,2,0.539978,0.145459,True,aa398b0fa479565e765a595eca9ef64fc3124ef81d0ffb048a0a8ed2b2cff0f2,replace_nonfinal_asset,audio_placeholder_status_apply
content/battle_sfx_manifest.json,audio_placeholder_melee_release,res://art/audio/runtime/battle/melee_release.wav,melee_release,120,-11.5,battle_unit_melee_attack,False,True,21212,0.12,44100,2,0.719971,0.190377,True,126b45118db0d3ec279043c6043a296bd88e0d106a8c2cc2adee737658ebc66b,replace_nonfinal_asset,audio_placeholder_melee_release
content/battle_sfx_manifest.json,audio_placeholder_hit,res://art/audio/runtime/battle/hit.wav,hit,100,-12.5,battle_unit_hit,False,True,17684,0.1,44100,2,0.73996,0.322533,True,ac286f43d2799b573a0bbf12ab7f09cc56115ec2632f13dd1048cae55527ca02,replace_nonfinal_asset,audio_placeholder_hit
content/battle_sfx_manifest.json,audio_placeholder_unit_rout,res://art/audio/runtime/battle/unit_rout.wav,unit_rout,260,-13.5,battle_unit_death,False,True,45908,0.26,44100,2,0.579956,0.190491,True,b845bd45936c570363106672521ba8913499f8bd7757b5a5950b3e8898b858bc,replace_nonfinal_asset,audio_placeholder_unit_rout
content/battle_sfx_manifest.json,audio_placeholder_cast,res://art/audio/runtime/battle/cast.wav,cast,220,-13.0,battle_unit_cast,False,True,38852,0.22,44100,2,0.579956,0.18464,True,0e36e805bf39feed6e4db64ab4ffe22198f4bd42bf86b9ba9d51543c54e5c046,replace_nonfinal_asset,audio_placeholder_cast
content/battle_sfx_manifest.json,audio_placeholder_unit_step,res://art/audio/runtime/battle/unit_step.wav,unit_step,80,-16.0,battle_unit_move,False,True,14156,0.08,44100,2,0.449982,0.14672,True,2eeac623a780bcf413de1b378360ca8466839b46438fe3e26aae460089dc7784,replace_nonfinal_asset,audio_placeholder_unit_step
content/battle_sfx_manifest.json,audio_placeholder_defend,res://art/audio/runtime/battle/defend.wav,defend,100,-15.0,battle_unit_defend,False,True,17684,0.1,44100,2,0.532135,0.173047,True,d25c0fed2d818e58e88a53ed1cb09e3ec780c8dbde0887ee85a24b0955c52601,replace_nonfinal_asset,audio_placeholder_defend
content/battle_sfx_manifest.json,audio_placeholder_retaliation,res://art/audio/runtime/battle/retaliation.wav,retaliation,130,-12.5,battle_retaliation,False,True,22976,0.13,44100,2,0.699951,0.191002,True,4cc6e831ca59a8896f9db316deae346b3e0b8468d74cd3e5b90376a797293ba3,replace_nonfinal_asset,audio_placeholder_retaliation
content/battle_sfx_manifest.json,audio_placeholder_retreat_order,res://art/audio/runtime/battle/retreat_order.wav,retreat_order,210,-14.0,battle_unit_retreat,False,True,37088,0.21,44100,2,0.539978,0.186743,True,e9b113a2ba1b26a6cf2aa433e6aa90627af00aff878b65c323df1bf3d4166e88,replace_nonfinal_asset,audio_placeholder_retreat_order
content/battle_sfx_manifest.json,audio_placeholder_surrender_order,res://art/audio/runtime/battle/surrender_order.wav,surrender_order,210,-14.0,battle_unit_surrender,False,True,37088,0.21,44100,2,0.47998,0.184379,True,888edb3d36e08331e987745e63375392777bafeee47209ad558ba8e97a674e90,replace_nonfinal_asset,audio_placeholder_surrender_order
content/battle_sfx_manifest.json,audio_placeholder_turn_ready,res://art/audio/runtime/battle/turn_ready.wav,turn_ready,110,-17.0,battle_stack_ready,False,True,19448,0.11,44100,2,0.47998,0.137135,True,2e406709457e003ba4d4001843ea196c3fe9d8db44e123792707e19e932b8d9e,replace_nonfinal_asset,audio_placeholder_turn_ready
content/battle_sfx_manifest.json,audio_placeholder_status_clear,res://art/audio/runtime/battle/status_clear.wav,status_clear,150,-16.0,battle_status_expired,False,True,26504,0.15,44100,2,0.499969,0.13945,True,efed4db4b8d40c6c9a3d8c4dd26f23a387023e169f9cfa24663a598a1253ea9c,replace_nonfinal_asset,audio_placeholder_status_clear
content/battle_sfx_manifest.json,audio_placeholder_idle_soft,res://art/audio/runtime/battle/idle_soft.wav,idle_soft,70,-23.0,battle_stack_idle,False,True,12392,0.07,44100,2,0.279968,0.125508,True,21c919f8ea1eb1dacde9babf2ba6b2b0b9f97a79ae0ed5aeb91afd204909a302,replace_nonfinal_asset,audio_placeholder_idle_soft
content/battle_sfx_manifest.json,audio_spell_cinder_burst,res://art/audio/runtime/battle/spell_cinder_burst.wav,spell_damage_fire,260,-12.0,,False,True,45908,0.26,44100,2,0.759949,0.149862,True,2096b542a4459e685f255c84ebb091ee92b97a02bdb163fc49c9d5ab8be4424c,replace_nonfinal_asset,audio_spell_cinder_burst
content/battle_sfx_manifest.json,audio_spell_coal_rain,res://art/audio/runtime/battle/spell_coal_rain.wav,spell_damage_rain,300,-12.5,,False,True,52964,0.3,44100,2,0.679962,0.133435,True,dd9cd9e5cca38061714161e92b5addad962db99f49303f75a27ef04a739e8985,replace_nonfinal_asset,audio_spell_coal_rain
content/battle_sfx_manifest.json,audio_spell_sunlance_arc,res://art/audio/runtime/battle/spell_sunlance_arc.wav,spell_damage_lance,240,-12.0,,False,True,42380,0.24,44100,2,0.73996,0.203315,True,4c91adc4973fe0f1ba41147c8f9eb69794909744ada76fa7f6cbf53d5e21c0bc,replace_nonfinal_asset,audio_spell_sunlance_arc
content/battle_sfx_manifest.json,audio_spell_briar_bind,res://art/audio/runtime/battle/spell_briar_bind.wav,spell_control_bind,270,-13.0,,False,True,47672,0.27,44100,2,0.619965,0.128333,True,6aeadf70b6c0268c05ed22a49fa34742e010c23e0c2421149c02afadae19d6c8,replace_nonfinal_asset,audio_spell_briar_bind
content/battle_sfx_manifest.json,audio_spell_graft_mend,res://art/audio/runtime/battle/spell_graft_mend.wav,spell_recovery,280,-13.5,,False,True,49436,0.28,44100,2,0.539978,0.168642,True,3dc1db1d662b86ffe1d0c941ee189eba8096e4754b06d3baa7a6c6f25a9d5291,replace_nonfinal_asset,audio_spell_graft_mend
content/battle_sfx_manifest.json,audio_spell_prism_bastion,res://art/audio/runtime/battle/spell_prism_bastion.wav,spell_cleanse,270,-13.5,,False,True,47672,0.27,44100,2,0.579956,0.187657,True,eafaff508e45ea6f34660af4ec153b571d2b8987583c0bd19ca2d2b950069692,replace_nonfinal_asset,audio_spell_prism_bastion
content/battle_sfx_manifest.json,audio_spell_resonant_chorus,res://art/audio/runtime/battle/spell_resonant_chorus.wav,spell_tempo_chorus,290,-13.0,,False,True,51200,0.29,44100,2,0.589966,0.146794,True,93461e682bfdf22b0e5d5cf8a915f933e83b7d5dbb1bdea1b13b1da0ec27ffce,replace_nonfinal_asset,audio_spell_resonant_chorus
content/battle_sfx_manifest.json,audio_spell_command_ward,res://art/audio/runtime/battle/spell_command_ward.wav,spell_buff,240,-14.0,,False,True,42380,0.24,44100,2,0.559967,0.204999,True,beaa0ad5ce9415571ba1b9d91a7c07a7d56b172555e0b9394b837e4dfc8b2876,replace_nonfinal_asset,audio_spell_command_ward
content/ambient_sfx_manifest.json,overworld_ambient_grass,res://art/audio/runtime/ambient/grass.ogg,terrain_grass,12000,-27.0,,False,True,135652,12.0,44100,2,0.420857,0.082797,True,1d2ce3801603748717efa8a3d376472522723dd9f33db3eae2e7bf8ff03390a3,replace_nonfinal_asset,overworld_ambient_grass
content/ambient_sfx_manifest.json,overworld_ambient_water,res://art/audio/runtime/ambient/water.ogg,terrain_water,12000,-27.0,,False,True,123488,12.0,44100,2,0.44094,0.099107,True,a5ef40224c0ee65ff38d25f58894b4291248fd35d4cf807a134c84ba21253567,replace_nonfinal_asset,overworld_ambient_water
content/ambient_sfx_manifest.json,overworld_ambient_mire,res://art/audio/runtime/ambient/mire.ogg,terrain_mire,12000,-26.5,,False,True,120960,12.0,44100,2,0.453407,0.134888,True,4abb0761689b695ec265b8152896daeb502dbbbcf3cdf363ef516098e9263fb3,replace_nonfinal_asset,overworld_ambient_mire
content/ambient_sfx_manifest.json,overworld_ambient_dirt,res://art/audio/runtime/ambient/dirt.ogg,terrain_dirt,12000,-28.0,,False,True,135857,12.0,44100,2,0.391104,0.085685,True,550eece5788ec1cb86e2d0dc65827a53d3785c1b192c74c56e6887b3f7f6d1cb,replace_nonfinal_asset,overworld_ambient_dirt
content/ambient_sfx_manifest.json,overworld_ambient_rough,res://art/audio/runtime/ambient/rough.ogg,terrain_rough,12000,-27.5,,False,True,126699,12.0,44100,2,0.443149,0.111433,True,07e0d73492f5593363a190a6712e135e9ddd37a330763697be919e237f64f7ad,replace_nonfinal_asset,overworld_ambient_rough
content/ambient_sfx_manifest.json,overworld_ambient_sand,res://art/audio/runtime/ambient/sand.ogg,terrain_sand,12000,-29.0,,False,True,136172,12.0,44100,2,0.382986,0.082579,True,010bd4c9d2af5a8f47f1c1cead5720169806a808fcc9c69e6bd929b2d46a1e20,replace_nonfinal_asset,overworld_ambient_sand
content/ambient_sfx_manifest.json,overworld_ambient_snow,res://art/audio/runtime/ambient/snow.ogg,terrain_snow,12000,-29.5,,False,True,128749,12.0,44100,2,0.363618,0.077227,True,390141b3bf25813e479f60cc127a38c0089848a57374b85210e06948bbf4035e,replace_nonfinal_asset,overworld_ambient_snow
content/ambient_sfx_manifest.json,overworld_ambient_lava,res://art/audio/runtime/ambient/lava.ogg,terrain_lava,12000,-26.0,,False,True,126953,12.0,44100,2,0.506363,0.192591,True,d785f5b49bdf0290f708de2cc18e2dd790f86039abb113bfb0b65dfe7a0aeeca,replace_nonfinal_asset,overworld_ambient_lava
content/ambient_sfx_manifest.json,overworld_ambient_underground,res://art/audio/runtime/ambient/underground.ogg,terrain_underground,12000,-27.0,,False,True,40537,12.0,44100,2,0.433948,0.157286,True,6e2574a73ead33940700a2f44d1accd0634231ae0e445ea61e98f17ebfe4fb4f,replace_nonfinal_asset,overworld_ambient_underground
content/ambient_sfx_manifest.json,overworld_ambient_pressure,res://art/audio/runtime/ambient/pressure.ogg,enemy_pressure,12000,-24.5,,False,True,36562,12.0,44100,2,0.525461,0.170656,True,6ff284a2227bec14d1ef82bc60f0797d5a7ae81a90cca3eb7728b562ebc79da2,replace_nonfinal_asset,overworld_ambient_pressure
content/ambient_sfx_manifest.json,overworld_ambient_day_pulse,res://art/audio/runtime/ambient/day_pulse.ogg,day_pulse,12000,-30.0,,False,True,127784,12.0,44100,2,0.351581,0.071685,True,4a8a6bdbcc9dafd163f7aad7fe0308047c3e23de0a6d8becccb1b6223503fed1,replace_nonfinal_asset,overworld_ambient_day_pulse
content/music_runtime_manifest.json,music_menu_theme,res://art/audio/runtime/music/menu_root.ogg,menu root,8000,-23.0,,False,True,92249,8.0,44100,2,0.527513,0.217518,True,a724059f37b7aa4c828de38032401ad96663e7cbf06b61fac3dc2902d8e590a4,replace_nonfinal_asset,music_menu_theme
content/music_runtime_manifest.json,music_menu_theme_harmony,res://art/audio/runtime/music/menu_harmony.ogg,menu harmony,8000,-26.0,,False,True,36054,8.0,44100,2,0.448716,0.137217,True,e14e4dc6fe6d06e0a55e9573ef1162d786aad39c460dfbcebfd9216dbbd96886,replace_nonfinal_asset,music_menu_theme_harmony
content/music_runtime_manifest.json,music_menu_theme_motion,res://art/audio/runtime/music/menu_motion.ogg,menu motion,8000,-28.0,,False,True,84800,8.0,44100,2,0.404257,0.117276,True,ef537b8d5ec07c4231922b22ddc786f65d0c2cd556161c86eb2a90c77d9a5723,replace_nonfinal_asset,music_menu_theme_motion
content/music_runtime_manifest.json,music_overworld_theme,res://art/audio/runtime/music/overworld_root.ogg,overworld root,8000,-23.5,,False,True,91792,8.0,44100,2,0.551939,0.221192,True,e2e7f1c198eadb79dad2bac7388eff9f99967cbf541151f346657d9fa3055a46,replace_nonfinal_asset,music_overworld_theme
content/music_runtime_manifest.json,music_overworld_theme_harmony,res://art/audio/runtime/music/overworld_harmony.ogg,overworld harmony,8000,-26.5,,False,True,88566,8.0,44100,2,0.460094,0.139358,True,30b32508279fc8acd08ee79d3daf2fa29f76e832b16c9deb3724290c1daf78af,replace_nonfinal_asset,music_overworld_theme_harmony
content/music_runtime_manifest.json,music_overworld_theme_motion,res://art/audio/runtime/music/overworld_motion.ogg,overworld motion,8000,-28.5,,False,True,109781,8.0,44100,2,0.422519,0.118213,True,ab44038b26f7b335841ddb03ae3ddc2ede40b9800a2d79832612ac96a1193c17,replace_nonfinal_asset,music_overworld_theme_motion
content/music_runtime_manifest.json,music_overworld_embercourt_theme,res://art/audio/runtime/music/overworld_embercourt_root.ogg,Embercourt overworld root,8000,-23.5,,False,True,89963,8.0,44100,2,0.562185,0.217139,True,a9316229d57f362410f5e2802b1b2d6bc0409ffe1a414fc00db450301f367886,replace_nonfinal_asset,music_overworld_embercourt_theme
content/music_runtime_manifest.json,music_overworld_embercourt_theme_harmony,res://art/audio/runtime/music/overworld_embercourt_harmony.ogg,Embercourt overworld harmony,8000,-26.5,,False,True,36407,8.0,44100,2,0.473408,0.139177,True,5af1d3f468aa177f0d189037f9ad2a87116dc748394a9727504baed3457c4bff,replace_nonfinal_asset,music_overworld_embercourt_theme_harmony
content/music_runtime_manifest.json,music_overworld_embercourt_theme_motion,res://art/audio/runtime/music/overworld_embercourt_motion.ogg,Embercourt overworld motion,8000,-28.5,,False,True,100539,8.0,44100,2,0.44265,0.121424,True,356ab94a41a97624e2464f92e4e3e2231ac82ccc8ad78d2f4517d3d0818e4085,replace_nonfinal_asset,music_overworld_embercourt_theme_motion
content/music_runtime_manifest.json,music_overworld_mireclaw_theme,res://art/audio/runtime/music/overworld_mireclaw_root.ogg,Mireclaw overworld root,8000,-23.5,,False,True,92751,8.0,44100,2,0.524241,0.21653,True,5487f677482f21ca969d6337837bb6a0c6b0263cfc3a491bea75d6291cee9e19,replace_nonfinal_asset,music_overworld_mireclaw_theme
content/music_runtime_manifest.json,music_overworld_mireclaw_theme_harmony,res://art/audio/runtime/music/overworld_mireclaw_harmony.ogg,Mireclaw overworld harmony,8000,-26.5,,False,True,35584,8.0,44100,2,0.441968,0.128792,True,b39bf322c7b07f69454c2936459d5a154741aff659d3433f4f32cf3ad1bd48c9,replace_nonfinal_asset,music_overworld_mireclaw_theme_harmony
content/music_runtime_manifest.json,music_overworld_mireclaw_theme_motion,res://art/audio/runtime/music/overworld_mireclaw_motion.ogg,Mireclaw overworld motion,8000,-28.5,,False,True,104272,8.0,44100,2,0.432411,0.111881,True,d217215aabe223f55c55a527dac17f3823aaef9f6e85796cf15f007905020d27,replace_nonfinal_asset,music_overworld_mireclaw_theme_motion
content/music_runtime_manifest.json,music_overworld_sunvault_theme,res://art/audio/runtime/music/overworld_sunvault_root.ogg,Sunvault overworld root,8000,-23.5,,False,True,87080,8.0,44100,2,0.544335,0.221524,True,72330b3b1dc5f2072f46754c3dcfe7f4f8f4e45d7e5b445753f67360010dd097,replace_nonfinal_asset,music_overworld_sunvault_theme
content/music_runtime_manifest.json,music_overworld_sunvault_theme_harmony,res://art/audio/runtime/music/overworld_sunvault_harmony.ogg,Sunvault overworld harmony,8000,-26.5,,False,True,37221,8.0,44100,2,0.482783,0.141725,True,f6632ec1d8503acd82797f4d2adb4932ec5b873e888e56e7850eb391fb6dd141,replace_nonfinal_asset,music_overworld_sunvault_theme_harmony
content/music_runtime_manifest.json,music_overworld_sunvault_theme_motion,res://art/audio/runtime/music/overworld_sunvault_motion.ogg,Sunvault overworld motion,8000,-28.5,,False,True,97725,8.0,44100,2,0.454872,0.118005,True,cb4cd85482eff17ee1cbe84c091f054f56a3b1b846e819afdbba2745899f7fec,replace_nonfinal_asset,music_overworld_sunvault_theme_motion
content/music_runtime_manifest.json,music_overworld_thornwake_theme,res://art/audio/runtime/music/overworld_thornwake_root.ogg,Thornwake overworld root,8000,-23.5,,False,True,91027,8.0,44100,2,0.516186,0.217271,True,975a2a31cb464283e8842e25b7b6776b36cc0b119fd2893778a459839297d543,replace_nonfinal_asset,music_overworld_thornwake_theme
content/music_runtime_manifest.json,music_overworld_thornwake_theme_harmony,res://art/audio/runtime/music/overworld_thornwake_harmony.ogg,Thornwake overworld harmony,8000,-26.5,,False,True,36508,8.0,44100,2,0.43511,0.126743,True,3f66bcbc3793f017aedbbbf8b1fe986fa0e8a79655bee232c3e6dab434254ffb,replace_nonfinal_asset,music_overworld_thornwake_theme_harmony
content/music_runtime_manifest.json,music_overworld_thornwake_theme_motion,res://art/audio/runtime/music/overworld_thornwake_motion.ogg,Thornwake overworld motion,8000,-28.5,,False,True,98182,8.0,44100,2,0.413035,0.111861,True,574989741744bb2ffe0a5efe366b5de25b9cb5b0697aee1f9541aab226893e12,replace_nonfinal_asset,music_overworld_thornwake_theme_motion
content/music_runtime_manifest.json,music_overworld_brasshollow_theme,res://art/audio/runtime/music/overworld_brasshollow_root.ogg,Brasshollow overworld root,8000,-23.5,,False,True,94752,8.0,44100,2,0.604511,0.227091,True,91c488e00a08b8e8680988220fef0ac577b1dc06e90241ed7780018f68702a19,replace_nonfinal_asset,music_overworld_brasshollow_theme
content/music_runtime_manifest.json,music_overworld_brasshollow_theme_harmony,res://art/audio/runtime/music/overworld_brasshollow_harmony.ogg,Brasshollow overworld harmony,8000,-26.5,,False,True,33458,8.0,44100,2,0.512294,0.155292,True,a2c4de27096e095b255a9e29e3e00efca9da4d5e7901dabad4bb468dfdb1ccae,replace_nonfinal_asset,music_overworld_brasshollow_theme_harmony
content/music_runtime_manifest.json,music_overworld_brasshollow_theme_motion,res://art/audio/runtime/music/overworld_brasshollow_motion.ogg,Brasshollow overworld motion,8000,-28.5,,False,True,110695,8.0,44100,2,0.504897,0.129664,True,adf909ed074dce43c68a35ead1534eb8caf71af822ea2959848beb61edeb8beb,replace_nonfinal_asset,music_overworld_brasshollow_theme_motion
content/music_runtime_manifest.json,music_overworld_veilmourn_theme,res://art/audio/runtime/music/overworld_veilmourn_root.ogg,Veilmourn overworld root,8000,-23.5,,False,True,89716,8.0,44100,2,0.540582,0.216228,True,1c9c8624f12d0ca17b4b09d918cb5adeb7eec234f73fbada41ad0b178bca7891,replace_nonfinal_asset,music_overworld_veilmourn_theme
content/music_runtime_manifest.json,music_overworld_veilmourn_theme_harmony,res://art/audio/runtime/music/overworld_veilmourn_harmony.ogg,Veilmourn overworld harmony,8000,-26.5,,False,True,36241,8.0,44100,2,0.466694,0.138996,True,575acae5143519170710829974a7de98f33e0d71980b0766e15f303da786c3ac,replace_nonfinal_asset,music_overworld_veilmourn_theme_harmony
content/music_runtime_manifest.json,music_overworld_veilmourn_theme_motion,res://art/audio/runtime/music/overworld_veilmourn_motion.ogg,Veilmourn overworld motion,8000,-28.5,,False,True,99595,8.0,44100,2,0.445255,0.119867,True,2a2d8dddfabb2570c077053c508fc06059020649de85100e05af768e947643b6,replace_nonfinal_asset,music_overworld_veilmourn_theme_motion
content/music_runtime_manifest.json,music_town_theme,res://art/audio/runtime/music/town_root.ogg,town root,8000,-24.0,,False,True,90694,8.0,44100,2,0.509522,0.20902,True,d44e6752b5d93a030aae1421fba0717f8b2930d2e3bd3c5ed7dac42db5dc7049,replace_nonfinal_asset,music_town_theme
content/music_runtime_manifest.json,music_town_theme_harmony,res://art/audio/runtime/music/town_harmony.ogg,town harmony,8000,-27.0,,False,True,35532,8.0,44100,2,0.438983,0.131794,True,5fe5373e5f7df0d19f5a354dfb9a70165ef6e33bd89a34710b98a8bce47898b0,replace_nonfinal_asset,music_town_theme_harmony
content/music_runtime_manifest.json,music_town_theme_motion,res://art/audio/runtime/music/town_motion.ogg,town motion,8000,-29.0,,False,True,106569,8.0,44100,2,0.408887,0.125396,True,85e828bdefe46b7d9a9907e00f632f56c4e3fea01df68b1557b15cc0aec2ae52,replace_nonfinal_asset,music_town_theme_motion
content/music_runtime_manifest.json,music_town_embercourt_theme,res://art/audio/runtime/music/town_embercourt_root.ogg,Embercourt town root,8000,-24.0,,False,True,92401,8.0,44100,2,0.546028,0.225464,True,9909411185d832d34e09297696576c8aaba1880e12de76d5a6cf9910c130ffe6,replace_nonfinal_asset,music_town_embercourt_theme
content/music_runtime_manifest.json,music_town_embercourt_theme_harmony,res://art/audio/runtime/music/town_embercourt_harmony.ogg,Embercourt town harmony,8000,-27.0,,False,True,35668,8.0,44100,2,0.463056,0.134584,True,0c46520a49c156bdfbf7597d2e9c7555e13ea4c3ded153d82de2f544d4194dfd,replace_nonfinal_asset,music_town_embercourt_theme_harmony
content/music_runtime_manifest.json,music_town_embercourt_theme_motion,res://art/audio/runtime/music/town_embercourt_motion.ogg,Embercourt town motion,8000,-29.0,,False,True,104622,8.0,44100,2,0.43273,0.120855,True,1207a874ee8c67c1363b32bac400f51d5f1c87fa5864fa343204dc74b7fa525e,replace_nonfinal_asset,music_town_embercourt_theme_motion
content/music_runtime_manifest.json,music_town_mireclaw_theme,res://art/audio/runtime/music/town_mireclaw_root.ogg,Mireclaw town root,8000,-24.0,,False,True,90415,8.0,44100,2,0.503625,0.206813,True,42d85c7f3c4030325823f94c04527d1abd14193eb516903d5477ad45a35bef42,replace_nonfinal_asset,music_town_mireclaw_theme
content/music_runtime_manifest.json,music_town_mireclaw_theme_harmony,res://art/audio/runtime/music/town_mireclaw_harmony.ogg,Mireclaw town harmony,8000,-27.0,,False,True,35368,8.0,44100,2,0.432715,0.125092,True,28e8aff217164f92ae8cbc8491842f3c25f1bdc92ce4447a007ca45f09319366,replace_nonfinal_asset,music_town_mireclaw_theme_harmony
content/music_runtime_manifest.json,music_town_mireclaw_theme_motion,res://art/audio/runtime/music/town_mireclaw_motion.ogg,Mireclaw town motion,8000,-29.0,,False,True,107520,8.0,44100,2,0.416527,0.105732,True,acb1feef912d27517dc3015985387badf2621eceaeb17c825055fa827450e5cc,replace_nonfinal_asset,music_town_mireclaw_theme_motion
content/music_runtime_manifest.json,music_town_sunvault_theme,res://art/audio/runtime/music/town_sunvault_root.ogg,Sunvault town root,8000,-24.0,,False,True,90919,8.0,44100,2,0.515948,0.215942,True,7eba7611339352ebf73af0e191e758a8f3e59690a07d2d7554e2ebd46e50b140,replace_nonfinal_asset,music_town_sunvault_theme
content/music_runtime_manifest.json,music_town_sunvault_theme_harmony,res://art/audio/runtime/music/town_sunvault_harmony.ogg,Sunvault town harmony,8000,-27.0,,False,True,36512,8.0,44100,2,0.474531,0.138579,True,c262297320e0161babd3335b16c20b0be2839e6ec551318d8e6162f82c63f8e3,replace_nonfinal_asset,music_town_sunvault_theme_harmony
content/music_runtime_manifest.json,music_town_sunvault_theme_motion,res://art/audio/runtime/music/town_sunvault_motion.ogg,Sunvault town motion,8000,-29.0,,False,True,100291,8.0,44100,2,0.441017,0.113134,True,1a3cc4fb0dedca18479dcc7e0fdacdaeb39a0b27840ef33fcb9bd6915254d96a,replace_nonfinal_asset,music_town_sunvault_theme_motion
content/music_runtime_manifest.json,music_town_thornwake_theme,res://art/audio/runtime/music/town_thornwake_root.ogg,Thornwake town root,8000,-24.0,,False,True,91593,8.0,44100,2,0.489296,0.199124,True,f28693ec756fda0fb899449db73927e77fb3ec8c47230ccfb7377032ce373844,replace_nonfinal_asset,music_town_thornwake_theme
content/music_runtime_manifest.json,music_town_thornwake_theme_harmony,res://art/audio/runtime/music/town_thornwake_harmony.ogg,Thornwake town harmony,8000,-27.0,,False,True,35601,8.0,44100,2,0.427214,0.122676,True,f85d3e14076f7d0ab8cbf17adbf094497f4dd742e7de19ed0800fd988cc5b8f4,replace_nonfinal_asset,music_town_thornwake_theme_harmony
content/music_runtime_manifest.json,music_town_thornwake_theme_motion,res://art/audio/runtime/music/town_thornwake_motion.ogg,Thornwake town motion,8000,-29.0,,False,True,103404,8.0,44100,2,0.389714,0.109321,True,88dee8db054590806c4d602fb8f90d93dc608da30d04e271908bbca1e7ee7e19,replace_nonfinal_asset,music_town_thornwake_theme_motion
content/music_runtime_manifest.json,music_town_brasshollow_theme,res://art/audio/runtime/music/town_brasshollow_root.ogg,Brasshollow town root,8000,-24.0,,False,True,91911,8.0,44100,2,0.584664,0.211826,True,2826b31a6256096adb7efcc58804a1d4ae6a29d7d542a80a17c9d575334171d6,replace_nonfinal_asset,music_town_brasshollow_theme
content/music_runtime_manifest.json,music_town_brasshollow_theme_harmony,res://art/audio/runtime/music/town_brasshollow_harmony.ogg,Brasshollow town harmony,8000,-27.0,,False,True,31372,8.0,44100,2,0.494791,0.145164,True,8885d338313816bf1f42dc301dbad25299bb42663d4cc80d4690e9e921239c52,replace_nonfinal_asset,music_town_brasshollow_theme_harmony
content/music_runtime_manifest.json,music_town_brasshollow_theme_motion,res://art/audio/runtime/music/town_brasshollow_motion.ogg,Brasshollow town motion,8000,-29.0,,False,True,115007,8.0,44100,2,0.483504,0.127431,True,aa42e3c9ae7b8dc302c131b09b72f64a4cf940e793c1923b27dc0529f18b71f8,replace_nonfinal_asset,music_town_brasshollow_theme_motion
content/music_runtime_manifest.json,music_town_veilmourn_theme,res://art/audio/runtime/music/town_veilmourn_root.ogg,Veilmourn town root,8000,-24.0,,False,True,92580,8.0,44100,2,0.506844,0.196635,True,d886c89487d3f0cde63a371ef80fd33e893ee8d2a951aca3da44ea36a6a79146,replace_nonfinal_asset,music_town_veilmourn_theme
content/music_runtime_manifest.json,music_town_veilmourn_theme_harmony,res://art/audio/runtime/music/town_veilmourn_harmony.ogg,Veilmourn town harmony,8000,-27.0,,False,True,34967,8.0,44100,2,0.45288,0.135173,True,122675343725bea60a8226bb3afe6f5c374344098c627574c0ee7aef9e6a20e9,replace_nonfinal_asset,music_town_veilmourn_theme_harmony
content/music_runtime_manifest.json,music_town_veilmourn_theme_motion,res://art/audio/runtime/music/town_veilmourn_motion.ogg,Veilmourn town motion,8000,-29.0,,False,True,104044,8.0,44100,2,0.421768,0.112366,True,505ecf7ce78dd65926841dbb0fbb208d6611546aa79c677aa0876b7aeab780e4,replace_nonfinal_asset,music_town_veilmourn_theme_motion
content/music_runtime_manifest.json,music_battle_theme,res://art/audio/runtime/music/battle_root.ogg,battle root,8000,-22.5,,False,True,169249,8.0,44100,2,0.626162,0.217471,True,879fe0ad467976bede3303b73865967c7e1984b112e678aa75e0d51ad515d5b6,replace_nonfinal_asset,music_battle_theme
content/music_runtime_manifest.json,music_battle_theme_harmony,res://art/audio/runtime/music/battle_harmony.ogg,battle harmony,8000,-25.5,,False,True,29757,8.0,44100,2,0.542803,0.167721,True,ad7b76dd08e2aa7f0f97e6dcda836164d826430920666d94653977f90cc83000,replace_nonfinal_asset,music_battle_theme_harmony
content/music_runtime_manifest.json,music_battle_theme_motion,res://art/audio/runtime/music/battle_motion.ogg,battle motion,8000,-27.5,,False,True,114790,8.0,44100,2,0.584968,0.141712,True,f1b24fc18eee16ef9eee414e84e917d34a7c2267d558b8787814f849c8e717c3,replace_nonfinal_asset,music_battle_theme_motion
content/music_runtime_manifest.json,music_battle_embercourt_theme,res://art/audio/runtime/music/battle_embercourt_root.ogg,Embercourt battle root,8000,-22.5,,False,True,176572,8.0,44100,2,0.638232,0.230376,True,3509b419d16514a8feeb94ea3cd9197a5abe51f8fcb8315652f4b1afc4e2262f,replace_nonfinal_asset,music_battle_embercourt_theme
content/music_runtime_manifest.json,music_battle_embercourt_theme_harmony,res://art/audio/runtime/music/battle_embercourt_harmony.ogg,Embercourt battle harmony,8000,-25.5,,False,True,32746,8.0,44100,2,0.542056,0.161501,True,d2b988da40f788dfe601d524bb2a85d2b611134362bf0a5a698666e82a8e2028,replace_nonfinal_asset,music_battle_embercourt_theme_harmony
content/music_runtime_manifest.json,music_battle_embercourt_theme_motion,res://art/audio/runtime/music/battle_embercourt_motion.ogg,Embercourt battle motion,8000,-27.5,,False,True,111049,8.0,44100,2,0.595673,0.134829,True,5ce9cdf2b092f8d8e48af70661f68adc2437a3cbca04a8d84cc7d8e58f0f729f,replace_nonfinal_asset,music_battle_embercourt_theme_motion
content/music_runtime_manifest.json,music_battle_mireclaw_theme,res://art/audio/runtime/music/battle_mireclaw_root.ogg,Mireclaw battle root,8000,-22.5,,False,True,158812,8.0,44100,2,0.618639,0.216894,True,a6283fff9dff2a03a4a8734c732ec2fde1529de87ce121b1da7fa80def2388d1,replace_nonfinal_asset,music_battle_mireclaw_theme
content/music_runtime_manifest.json,music_battle_mireclaw_theme_harmony,res://art/audio/runtime/music/battle_mireclaw_harmony.ogg,Mireclaw battle harmony,8000,-25.5,,False,True,27693,8.0,44100,2,0.529991,0.153304,True,783ed6a268f227684a21feb0cf94e8a70477914d46246e2cbebb0b594df82c2f,replace_nonfinal_asset,music_battle_mireclaw_theme_harmony
content/music_runtime_manifest.json,music_battle_mireclaw_theme_motion,res://art/audio/runtime/music/battle_mireclaw_motion.ogg,Mireclaw battle motion,8000,-27.5,,False,True,118511,8.0,44100,2,0.615767,0.137062,True,ef37fc212469b4b94dbe2f0ee23bdef4e6ba707f129fa7c5b6731ff2d828b9d3,replace_nonfinal_asset,music_battle_mireclaw_theme_motion
content/music_runtime_manifest.json,music_battle_sunvault_theme,res://art/audio/runtime/music/battle_sunvault_root.ogg,Sunvault battle root,8000,-22.5,,False,True,182847,8.0,44100,2,0.62243,0.231785,True,a37e03da0b0ee2303743639bb168b406cd7c7b3cbc4a09f0748713098ab461fa,replace_nonfinal_asset,music_battle_sunvault_theme
content/music_runtime_manifest.json,music_battle_sunvault_theme_harmony,res://art/audio/runtime/music/battle_sunvault_harmony.ogg,Sunvault battle harmony,8000,-25.5,,False,True,33744,8.0,44100,2,0.561035,0.166155,True,434f1a5fe6cdb8b2e1043e330774ca073078bde809f537a4628f8dc4675d6f2e,replace_nonfinal_asset,music_battle_sunvault_theme_harmony
content/music_runtime_manifest.json,music_battle_sunvault_theme_motion,res://art/audio/runtime/music/battle_sunvault_motion.ogg,Sunvault battle motion,8000,-27.5,,False,True,108961,8.0,44100,2,0.600367,0.137933,True,cec14c8013d50c839a44c3d9082c2d2d0d924709da588edf739588f756007761,replace_nonfinal_asset,music_battle_sunvault_theme_motion
content/music_runtime_manifest.json,music_battle_thornwake_theme,res://art/audio/runtime/music/battle_thornwake_root.ogg,Thornwake battle root,8000,-22.5,,False,True,170142,8.0,44100,2,0.593641,0.212371,True,e72c7fee024e009c1762f1191038acad32ef6e7a4431d22899045e32b2177205,replace_nonfinal_asset,music_battle_thornwake_theme
content/music_runtime_manifest.json,music_battle_thornwake_theme_harmony,res://art/audio/runtime/music/battle_thornwake_harmony.ogg,Thornwake battle harmony,8000,-25.5,,False,True,30600,8.0,44100,2,0.506908,0.148155,True,cb9865a2a77b7684e798353e73ca006215c597cbe6e6e2b85ba612cfe48d2dec,replace_nonfinal_asset,music_battle_thornwake_theme_harmony
content/music_runtime_manifest.json,music_battle_thornwake_theme_motion,res://art/audio/runtime/music/battle_thornwake_motion.ogg,Thornwake battle motion,8000,-27.5,,False,True,112026,8.0,44100,2,0.55961,0.132555,True,c05f1b695380c224ff93fee025b60b0d998708a0381bf33ae287f8a642f78968,replace_nonfinal_asset,music_battle_thornwake_theme_motion
content/music_runtime_manifest.json,music_battle_brasshollow_theme,res://art/audio/runtime/music/battle_brasshollow_root.ogg,Brasshollow battle root,8000,-22.5,,False,True,151961,8.0,44100,2,0.677989,0.231557,True,efb0e90810931e7ff39d23249502034919d37e961f91539debfa8a00dacdd2e8,replace_nonfinal_asset,music_battle_brasshollow_theme
content/music_runtime_manifest.json,music_battle_brasshollow_theme_harmony,res://art/audio/runtime/music/battle_brasshollow_harmony.ogg,Brasshollow battle harmony,8000,-25.5,,False,True,26692,8.0,44100,2,0.573927,0.171941,True,5106b1ef58d31bd2d7f61a07415cb2e8dfbdd621cf9471c418704f10417b7324,replace_nonfinal_asset,music_battle_brasshollow_theme_harmony
content/music_runtime_manifest.json,music_battle_brasshollow_theme_motion,res://art/audio/runtime/music/battle_brasshollow_motion.ogg,Brasshollow battle motion,8000,-27.5,,False,True,128062,8.0,44100,2,0.649342,0.147538,True,f1b62945a2a21e71026a6009316d87a53c915ccb9140cf4a6b799444e9421f2b,replace_nonfinal_asset,music_battle_brasshollow_theme_motion
content/music_runtime_manifest.json,music_battle_veilmourn_theme,res://art/audio/runtime/music/battle_veilmourn_root.ogg,Veilmourn battle root,8000,-22.5,,False,True,178264,8.0,44100,2,0.615999,0.214575,True,8165342a83d8f6ee0f814d9cb3e4d9895eddfb2b56b4f5cc1da52d07eee1c437,replace_nonfinal_asset,music_battle_veilmourn_theme
content/music_runtime_manifest.json,music_battle_veilmourn_theme_harmony,res://art/audio/runtime/music/battle_veilmourn_harmony.ogg,Veilmourn battle harmony,8000,-25.5,,False,True,31887,8.0,44100,2,0.534018,0.155643,True,5a5f5cce2df95500c459ff8c18f0df41264c25f6bd7dd50a65d4357405a1a5d6,replace_nonfinal_asset,music_battle_veilmourn_theme_harmony
content/music_runtime_manifest.json,music_battle_veilmourn_theme_motion,res://art/audio/runtime/music/battle_veilmourn_motion.ogg,Veilmourn battle motion,8000,-27.5,,False,True,113536,8.0,44100,2,0.583838,0.144847,True,d585ba454481d4d0dc4a905d2e412c4c0015d56f1258e29844c17d12abcd4180,replace_nonfinal_asset,music_battle_veilmourn_theme_motion
content/music_runtime_manifest.json,music_outcome_theme,res://art/audio/runtime/music/outcome_root.ogg,outcome root,8000,-24.0,,False,True,87385,8.0,44100,2,0.491878,0.199808,True,ba622852320025034425329cf2255a6bf6ed461c2177672d620850c998bf1b56,replace_nonfinal_asset,music_outcome_theme
content/music_runtime_manifest.json,music_outcome_theme_harmony,res://art/audio/runtime/music/outcome_harmony.ogg,outcome harmony,8000,-27.0,,False,True,43886,8.0,44100,2,0.432183,0.122766,True,213fd7c24d52e0b1805fa664126ac246f59834c9a5552c46b21614526c7a69da,replace_nonfinal_asset,music_outcome_theme_harmony
content/music_runtime_manifest.json,music_outcome_theme_motion,res://art/audio/runtime/music/outcome_motion.ogg,outcome motion,8000,-29.0,,False,True,80711,8.0,44100,2,0.381577,0.112449,True,e4ed141fac9e368089156a3c2ebda322b6e2a566180743cb4710366625777974,replace_nonfinal_asset,music_outcome_theme_motion
content/music_runtime_manifest.json,music_outcome_victory_theme,res://art/audio/runtime/music/outcome_victory_root.ogg,victory outcome root,8000,-24.0,,False,True,83274,8.0,44100,2,0.522711,0.198381,True,0ae41edef53cb820afe7d65fbf5d104af3324e1a9007721d05c8c89c7f08158b,replace_nonfinal_asset,music_outcome_victory_theme
content/music_runtime_manifest.json,music_outcome_victory_theme_harmony,res://art/audio/runtime/music/outcome_victory_harmony.ogg,victory outcome harmony,8000,-27.0,,False,True,37677,8.0,44100,2,0.460478,0.135279,True,45beba83d7730db2413942380466054d0c5440d1321d46d270d9d4f21143dca1,replace_nonfinal_asset,music_outcome_victory_theme_harmony
content/music_runtime_manifest.json,music_outcome_victory_theme_motion,res://art/audio/runtime/music/outcome_victory_motion.ogg,victory outcome motion,8000,-29.0,,False,True,94103,8.0,44100,2,0.423802,0.114415,True,a6c45ec0277d9ad999d59b25b1382df58344b4bbf55dc5a1265c182193d600b9,replace_nonfinal_asset,music_outcome_victory_theme_motion
content/music_runtime_manifest.json,music_outcome_defeat_theme,res://art/audio/runtime/music/outcome_defeat_root.ogg,defeat outcome root,8000,-24.0,,False,True,91421,8.0,44100,2,0.498144,0.19464,True,3ad3c216813e3d2d2c77537502132b1687f44032ce9c8bda92428a821a2f3bd8,replace_nonfinal_asset,music_outcome_defeat_theme
content/music_runtime_manifest.json,music_outcome_defeat_theme_harmony,res://art/audio/runtime/music/outcome_defeat_harmony.ogg,defeat outcome harmony,8000,-27.0,,False,True,33376,8.0,44100,2,0.43713,0.126733,True,3d10e57308ff4a26480dc0103b6c0b5d7d51c4f68d4cd31386a80f55287d377c,replace_nonfinal_asset,music_outcome_defeat_theme_harmony
content/music_runtime_manifest.json,music_outcome_defeat_theme_motion,res://art/audio/runtime/music/outcome_defeat_motion.ogg,defeat outcome motion,8000,-29.0,,False,True,106405,8.0,44100,2,0.391336,0.104853,True,d1905eaf2555babd595252163886a26483dfc0d5d6a816238cb51a39fcb26ffb,replace_nonfinal_asset,music_outcome_defeat_theme_motion
